Pu Fisison Constants , c:\multiplicity_tmu\fission_parameters\Pu_fisison_parameters.csv , ,,,,
3.757,0.005,,,,,
11.962,0.013,,,,,
31.812,0.067,,,,,
4.15,0.068,,,,,
14.59545376,0.0407,,,,,
42.87574494,0.151,,,,,
6.22837E+11,3.9,,,,,
2.50E-05,0.000131263,0.000421574,0,0,0,0
0.000131263,0.000169,0.000768,0,0,0,0
0.000421574,0.000768,0.004489,0,0,0,0
0,0,0,0.004624,0,0,0
0,0,0,0,0.00165649,0,0
0,0,0,0,0,0.022801,0
0,0,0,0,0,0,15.21
