Pu Fisison Constants , c:\multiplicity_tmu\fission_parameters\Pu_fisison_parameters.csv , 
2.154, 0.005
3.789, 0.013
5.21, 0.067
3.1635, 0.068
8.305, 0.0407
17.782, 0.151
473.5, 3.9
2.5E-05, 0.000131263, 0.000421574, 0, 0, 0, 0
0.000131263, 0.000169, 0.000768, 0, 0, 0, 0
0.000421574, 0.000768, 0.004489, 0, 0, 0, 0
0, 0, 0, 0.004624, 0, 0, 0
0, 0, 0, 0, 0.00165649, 0, 0
0, 0, 0, 0, 0, 0.022801, 0
0, 0, 0, 0, 0, 0, 15.21
